sample_id,question,step_id,step_text,confidence_logprob,correctness_label,ambiguous,entailment_prob,neutral_prob,contradiction_prob,best_evidence,is_correct,human_label,notes
5a7bbb64554299042af8f7cc,"Who is older, Annie Morton or Terry Richardson?",2,Terry Richardson is older than Annie Morton.,0.215603,correct,False,0.9911,0.0085,0.0004,"Terrence ""Uncle Terry"" Richardson (born August 14, 1965) is an American fashion and portrait photographer who has shot advertising campaigns for Marc Jacobs, Aldo, Supreme, Sisley, Tom Ford, and Yves Saint Laurent among others.",1,,
5adbf0a255429947ff17385a,Are the Laleli Mosque and Esma Sultan Mansion located in the same neighborhood?,1,"The Laleli Mosque is located in the Laleli neighborhood of Fatih, Istanbul.",0.222273,correct,False,0.9855,0.0144,0.0001,"The Laleli Mosque (Turkish: ""Laleli Camii, or Tulip Mosque"" ) is an 18th-century Ottoman imperial mosque located in Laleli, Fatih, Istanbul, Turkey.",1,,
5a85b2d95542997b5ce40028,Who was known by his stage name Aladin and helped organizations improve their performance as a consultant?,1,Aladin is a character from the Disney film Aladdin.,0.076704,incorrect,False,0.2241,0.2498,0.5261,"Management consulting is the practice of helping organizations to improve their performance, operating primarily through the analysis of existing organizational problems and the development of plans for improvement.",0,,
5a8c7595554299585d9e36b6,What government position was held by the woman who portrayed Corliss Archer in the film Kiss and Tell?,1,The woman who portrayed Corliss Archer in the film Kiss and Tell was Shirley Temple.,0.261829,correct,False,0.9982,0.0017,0.0001,Kiss and Tell is a 1945 American comedy film starring then 17-year-old Shirley Temple as Corliss Archer.,1,,
5a8db19d5542994ba4e3dd00,Are Local H and For Against both from the United States?,1,Local H is a band from the United States.,0.158776,correct,False,0.9977,0.0022,0.0,"Local H is an American rock band originally formed by guitarist and vocalist Scott Lucas, bassist Matt Garcia, drummer Joe Daniels, and lead guitarist John Sparkman in Zion, Illinois in 1987.",1,,
5adbf0a255429947ff17385a,Are the Laleli Mosque and Esma Sultan Mansion located in the same neighborhood?,2,The Esma Sultan Mansion is located in the Ortakoy neighborhood of Istanbul.,0.295331,correct,False,0.9963,0.0033,0.0004,"The Esma Sultan Mansion (Turkish: ""Esma Sultan Yalısı"" ), a historical yalı (English: waterside mansion ) located at Bosphorus in Ortaköy neighborhood of Istanbul, Turkey and named after its original owner Esma Sultan, is used today as a cultural center after being redeveloped.",1,,
5abd94525542992ac4f382d2,2014 S/S is the debut album of a South Korean boy group that was formed by who?,2,EXO was formed by SM Entertainment.,0.393237,incorrect,False,0.0002,0.0028,0.9971,2014 S/S is the debut album of South Korean group WINNER.,0,,
5a8e3ea95542995a26add48d,"The director of the romantic comedy ""Big Stone Gap"" is based in what New York city?",1,The romantic comedy Big Stone Gap was directed by Adriana Trigiani.,0.153971,correct,False,0.9983,0.0016,0.0001,"Big Stone Gap is a 2014 American drama romantic comedy film written and directed by Adriana Trigiani and produced by Donna Gigliotti for Altar Identity Studios, a subsidiary of Media Society.",1,,
5a7bbb64554299042af8f7cc,"Who is older, Annie Morton or Terry Richardson?",1,"Annie Morton was born on July 28, 1963. Terry Richardson was born on January 20, 1954.",0.11466,incorrect,False,0.0001,0.0002,0.9997,"Annie Morton (born October 8, 1970) is an American model born in Pennsylvania.",0,,
